tweet_id|user_id|latitude|longitude|language|loc_type|send_time|text
713696123588894720|1714461770|-32.4665434|-58.4787669|pt|User profile|Sat Mar 26 11:56:30 +0000 2016|"@moreirajujuu garota, tu t√° com dengue??"
713696162197467137|2889494104|-14.235004|-51.92528|pt|User profile|Sat Mar 26 11:56:39 +0000 2016|"RT @annalusm: A megui t√° com dengue"
713696338802843649|4881219333|-27.4269255|-55.9467076|es|User profile|Sat Mar 26 11:57:21 +0000 2016|"RT @SaludMisiones: Buen d√≠a, Los mosquitos que transmiten el dengue y la fiebre chikungu√±a se cr√≠an en nuestras casas. Evitalo."
713696670626791424|38078499|10.4805937|-66.9036063|es|User profile|Sat Mar 26 11:58:40 +0000 2016|"RT @Leonarda_G1: Paciente con #dengue hemorr√°gico solicita con #urgencia Atenolol de 100mg en San Antonio de los Altos. informaci√≥n 0414160‚Ä¶"
713697321125601280|282927606|-26.1857768|-58.1755669|es|User profile|Sat Mar 26 12:01:15 +0000 2016|"A mi nomas se me ocurre ir a trotar a ese lugar d mierda dond hay pastizales y riachos, si no m pico el mosquito dl dengue ah√≠, no m pica +"
713697739574546432|366343115|10.2509303|-66.4271499|es|User profile|Sat Mar 26 12:02:55 +0000 2016|"RT @gloriaburger: @ElNacionalWeb dengue hemorr√°gico cobra otra vida joven estudte 2do a√±o M√©rida, cl√≠nicas sin medicamentos para subir plaq‚Ä¶"
713698174188318721|713695964205293568|-8.8137173|-36.954107|und|User profile|Sat Mar 26 12:04:39 +0000 2016|"Esse Aedes aegypti( Dengue, Zika Virus, Chikungunya) esta Foda‚úå"
713698218324967424|146907854|-34.6036844|-58.3815591|es|User profile|Sat Mar 26 12:04:49 +0000 2016|"RT @fernandogray: En el barrio La Victoria. Con trabajo permanente hemos logrado bajar la presencia del mosquito aedes aegypti #Dengue http‚Ä¶"
713699216590241792|112988041|-19.9166813|-43.9344931|pt|User profile|Sat Mar 26 12:08:47 +0000 2016|"Deus tira essa dengue de mim"
713699376288382976|713449348747669504|-14.235004|-51.92528|pt|User profile|Sat Mar 26 12:09:25 +0000 2016|"RT @Vai_Safadao21: Dengue, chikungunya, corrup√ß√£o, separa√ß√£o da Joelma e chimbinha..\nn√£o aguento mais tanta not√≠cia ruim."
713699677040939008|1894882135|-3.1190275|-60.0217314|pt|User profile|Sat Mar 26 12:10:37 +0000 2016|"#SabadoAleluiaTremuraSdv Esse s√°bado vai dar dengue de t√£o parado."
713700526517587972|225560027|-19.9166813|-43.9344931|pt|User profile|Sat Mar 26 12:14:00 +0000 2016|"@patynunes_13 \nNgm merece dengue. Trem ruim demais."
713700653630103552|712118517747818497|-14.235004|-51.92528|pt|User profile|Sat Mar 26 12:14:30 +0000 2016|"#SabadoAleluiaTremuraSdv Esse s√°bado vai dar dengue de t√£o parado.@detremura"
713701128135905281|1356870804|40.7607793|-111.8910474|pt|User profile|Sat Mar 26 12:16:23 +0000 2016|"RT @Lemos_noah: Sorte que Whatsapp parado n√£o d√° Dengue, pq √© cada v√°cuo q n√≥s recebe.. üò≥"
713701648128815106|160195411|28.6139391|77.2090212|en|User profile|Sat Mar 26 12:18:27 +0000 2016|"@ArvindKejriwal plz luk out d nmbr f mosquitoes in West Delhi as u may feel proud seeing d nmbr of Dengue patients in upcomin days as well."
713702154813509632|349567373|10.3748325|123.846722|en|Geotag|Sat Mar 26 12:20:28 +0000 2016|"Oh nooo pls don't let this be dengue üò∑"
713702321021181952|489027982|-34.6036844|-58.3815591|es|User profile|Sat Mar 26 12:21:07 +0000 2016|"@jpatriciomussi al lado hay una plaza, hay que fumigarla!!! o entubar 4 cuadras de zanja, es un verdadero peligro si no hay dengue es porque"
713702642627833856|228751738|-38.416097|-63.616672|es|User profile|Sat Mar 26 12:22:24 +0000 2016|"Cuando dije que me quer√≠a morir me refer√≠a a algo violento y r√°pido como un balazo o algo as√≠. No al dengue."
713702956009398276|1354883413|-34.6036844|-58.3815591|in|User profile|Sat Mar 26 12:23:39 +0000 2016|"@TomGriesa dengue"
713703327675056128|3364428255|-22.9068467|-43.1728965|pt|User profile|Sat Mar 26 12:25:07 +0000 2016|"Forte dengue, t√° mlc"
713703468184117248|800435232|16.700847|121.4726975|tl|Geotag|Sat Mar 26 12:25:41 +0000 2016|"May dengue ata ako tapos nakukuha ko pang mag twitter üò∞"
713703525969170432|1894882135|-3.1190275|-60.0217314|pt|User profile|Sat Mar 26 12:25:55 +0000 2016|"Esse s√°bado vai dar dengue de t√£o parado."
713703641769766912|297496286|-3.1190275|-60.0217314|pt|User profile|Sat Mar 26 12:26:22 +0000 2016|"hj eh anivers√°rio da sogra mais linda do mund√£o e mesmo com dengue cheia das pinta vermelha eu vou l√°"
713704348795199488|3360409438|-18.512178|-44.5550308|pt|User profile|Sat Mar 26 12:29:11 +0000 2016|"Acho que eu t√¥ com dengue"
713704389047947264|489027982|-34.6036844|-58.3815591|es|User profile|Sat Mar 26 12:29:20 +0000 2016|"@radiolared ayuda fumiguen zanja calle 167 e/58 y 60 @jpatriciomussi desag√ºe cloacal al lado de plaza peligro dengue."
713704598259675136|2353811328|6.42375|-66.58973|es|User profile|Sat Mar 26 12:30:10 +0000 2016|"Ante enfermedades como zika, dengue o chikungunya, visita a tu m√©dico infect√≥logo"
713704634196606977|334464255|50.1649996|14.680057|pt|User profile|Sat Mar 26 12:30:19 +0000 2016|"RT @SBPProtege: Combata o zika e a dengue. 1- Proteja sua casa com SBP, 2- Use Repelex quando sair, 3- Elimine √°gua parada. Junte-se √† luta‚Ä¶"
713704651850428416|3302131895|-22.9068467|-43.1728965|pt|User profile|Sat Mar 26 12:30:23 +0000 2016|"RT @josemaciel_: Esse s√°bado vai dar dengue de t√£o parado."
713704748227104768|253502312|-27.3621374|-55.9008746|es|User profile|Sat Mar 26 12:30:46 +0000 2016|"RT @SaludMisiones: Buen d√≠a, Los mosquitos que transmiten el dengue y la fiebre chikungu√±a se cr√≠an en nuestras casas. Evitalo."
713704763712475136|1950163880|-20.564274|-43.0197795|pt|Geotag|Sat Mar 26 12:30:50 +0000 2016|"Que raiva dessa dengue"
713705433198886912|112067274|18.5204303|73.8567437|en|User profile|Sat Mar 26 12:33:29 +0000 2016|"RT @Healthonics: #Denguevaccine approved for use in Mexico. Awaiting regulatory confirmations in India. Lets prevent #Dengue by using prope‚Ä¶"
713705579605336066|2845272643|-23.5505199|-46.6333094|pt|User profile|Sat Mar 26 12:34:04 +0000 2016|"RT @smillepls: Sabe o que seria loco?\nO Eminem desafiar o cara que diz 'Medicamento contra indicado em caso de suspeita de dengue' pra um d‚Ä¶"
713705768378347520|1548675061|-22.306884|-42.4672675|pt|Geotag|Sat Mar 26 12:34:49 +0000 2016|"Vou ver minha m√£e,  ela ta com dengue üò¢üò°"
713706600876347392|224765594|-18.512178|-44.5550308|pt|User profile|Sat Mar 26 12:38:08 +0000 2016|"Essa dengue quase me matou."
713706747681247232|1629239334|-27.3621374|-55.9008746|es|User profile|Sat Mar 26 12:38:43 +0000 2016|"RT @gabitwo_: uh todavia siguen publicando los chats con esa pelotita amarilla llena de dengue, nunca un chat con una persona de verdad no"
713707093644156928|624036027|36.125278|-90.924721|es|User profile|Sat Mar 26 12:40:05 +0000 2016|"RT @gabitwo_: uh todavia siguen publicando los chats con esa pelotita amarilla llena de dengue, nunca un chat con una persona de verdad no"
713707790632689666|1737856285|-14.235004|-51.92528|pt|User profile|Sat Mar 26 12:42:51 +0000 2016|"@maisasilva at√© com dengue estou aqui"
713708485301702656|2178978619|17.7250472|79.1546769|pt|User profile|Sat Mar 26 12:45:37 +0000 2016|"RT @pthbts: @kathhcrvg essa menina q t√° na foto junto c vc na sua capa parece at√© um mosquitinho da dengue"
713708607347494912|2978674191|-22.7862985|-43.3053106|pt|User profile|Sat Mar 26 12:46:06 +0000 2016|"@Heloiza_Crvg ela deve estar c dengue pq quando eu tive fiquei c os mesmos sintomas"
713708889770999809|792824204|-22.9068467|-43.1728965|pt|User profile|Sat Mar 26 12:47:14 +0000 2016|"RT @bruninhobarcell: @Heloiza_Crvg ela deve estar c dengue pq quando eu tive fiquei c os mesmos sintomas"
713709294559035393|4828251947|-5.7864027|-35.2079777|in|User profile|Sat Mar 26 12:48:50 +0000 2016|"@_Maria_Mello dengue üòû"
713709422959321088|3199596298|-30.0346471|-51.2176584|pt|User profile|Sat Mar 26 12:49:21 +0000 2016|"RT @SBPProtege: Combata o zika e a dengue. 1- Proteja sua casa com SBP, 2- Use Repelex quando sair, 3- Elimine √°gua parada. Junte-se √† luta‚Ä¶"
713709513711427586|3301060930|-34.6036844|-58.3815591|es|User profile|Sat Mar 26 12:49:42 +0000 2016|"RT @fernandogray: En el barrio La Victoria. Con trabajo permanente hemos logrado bajar la presencia del mosquito aedes aegypti #Dengue http‚Ä¶"
713709548482215936|3294616602|-22.904549|-43.0596095|pt|Geotag|Sat Mar 26 12:49:51 +0000 2016|"√â errado so pq eu to no rio ta com medo de ter dengue?"
713709646939361280|414473983|-22.9139476|-43.2093973|pt|User profile|Sat Mar 26 12:50:14 +0000 2016|"talvez eu passe l√° na casa de Gabi, ela t√° com dengue tadinha"
713710269021700096|332266556|-14.235004|-51.92528|pt|User profile|Sat Mar 26 12:52:42 +0000 2016|"RT @FabioKosta: Dengue se propaga pelo mosquito;\ngripe pelo ar; \nAIDS por via sexual e\nbo√ßalidade pol√≠tica pelo Fakebook.\n\n#CegueiraBranca"
713711587966595072|134217433|53.4807593|-2.2426305|en|User profile|Sat Mar 26 12:57:57 +0000 2016|"I'd contract severe dengue fever to be able to pop home for the circus day party today"
713711801859489792|410897713|28.2143574|-82.7350514|pt|User profile|Sat Mar 26 12:58:48 +0000 2016|"@htgawlexa eu tava c dengue menina! Quase morri de tanta dor"
713711887351988224|2290348615|-21.7624237|-43.3433999|pt|User profile|Sat Mar 26 12:59:08 +0000 2016|"RT @eitabibi_: N√£o basta zika dengue e chicungunha agora volta a gripe su√≠na tamo √© na bosta mesmo!"
713711896927477761|3250312129|23.9040878|87.524748|en|User profile|Sat Mar 26 12:59:11 +0000 2016|"@ArvindKejriwal @ajitanjum you are dengue of  Delhi"
713711977193979904|285261648|-19.918692|-43.9598225|pt|Geotag|Sat Mar 26 12:59:30 +0000 2016|"acordei e descobri que to com dengue\nda pr√≥xima vez ao inv√©s de chupar meu sangue chupe meu pau mosquito filho da puta"
713712092751204353|2290348615|-21.7624237|-43.3433999|pt|User profile|Sat Mar 26 12:59:57 +0000 2016|"Porque dengue em????????"
713712278403682304|80199030|6.42375|-66.58973|es|User profile|Sat Mar 26 13:00:41 +0000 2016|"RT @Leonarda_G1: Paciente con #dengue hemorr√°gico solicita con #urgencia Atenolol de 100mg en San Antonio de los Altos. informaci√≥n 0414160‚Ä¶"
713712912297287682|96545463|6.42375|-66.58973|es|User profile|Sat Mar 26 13:03:13 +0000 2016|"RT @Leonarda_G1: Paciente con #dengue hemorr√°gico solicita con #urgencia Atenolol de 100mg en San Antonio de los Altos. informaci√≥n 0414160‚Ä¶"
713713130229080068|4242919815|-17.7445191|-48.6250248|pt|User profile|Sat Mar 26 13:04:05 +0000 2016|"putissima e com dengue"
713713194754252800|2795192042|23.2610922|-106.464468|pt|User profile|Sat Mar 26 13:04:20 +0000 2016|"@kanryewest esperoüò∏üò∏ √© dengue??"
713713230749806593|1143959228|-22.9068467|-43.1728965|pt|User profile|Sat Mar 26 13:04:29 +0000 2016|"@KeilaMelo17 t√° de bobeira, essa dengue te atacou, dengosa"
713713731704856576|388238854|-23.442503|-58.443832|es|User profile|Sat Mar 26 13:06:28 +0000 2016|"'los accidentes de motos son mucho m√°s graves que el dengue' Dr Luis Carlos B√°ez, Emergencias M√©dicas @ABCCardinal"
713713837149655040|2834704066|10.6095694|-71.6327596|es|User profile|Sat Mar 26 13:06:53 +0000 2016|"1 semana de tos y mucho dolor de cabesa y ahora me esta agarrando fiebre....una pinta que me pico el dengue üëéüò∑üòè"
713714165945380866|612696995|-27.4269255|-55.9467076|es|User profile|Sat Mar 26 13:08:11 +0000 2016|"We alto dengue tiene este"
713714225290588160|108815768|10.2011111|-67.8990269|es|User profile|Sat Mar 26 13:08:26 +0000 2016|"RT @Leonarda_G1: Paciente con #dengue hemorr√°gico solicita con #urgencia Atenolol de 100mg en San Antonio de los Altos. informaci√≥n 0414160‚Ä¶"
713715117142224896|712711942545219584|46.9641127|142.7347556|es|User profile|Sat Mar 26 13:11:58 +0000 2016|"Como que  estamos todos re locos con el dengue,  el off lo tengo al lado mio todo el d√≠a JAJAJAJAJAJAJAJ"
713715152567328768|2729804207|-34.6036844|-58.3815591|es|User profile|Sat Mar 26 13:12:07 +0000 2016|"RT @gabitwo_: uh todavia siguen publicando los chats con esa pelotita amarilla llena de dengue, nunca un chat con una persona de verdad no"
713715216903774208|1069380884|-33.227158|-60.3298704|es|User profile|Sat Mar 26 13:12:22 +0000 2016|"D√≠a espantoso. Alergia total. Casi gripe. Ca√≠da inmunol√≥gica. Vecino con Dengue. Seg√∫n infectolog√≠a 27 en zona A cuidarse.Ayer desinfectaron"
713715254459502592|53697555|6.42375|-66.58973|es|User profile|Sat Mar 26 13:12:31 +0000 2016|"RT @Leonarda_G1: Paciente con #dengue hemorr√°gico solicita con #urgencia Atenolol de 100mg en San Antonio de los Altos. informaci√≥n 0414160‚Ä¶"
713715687030722561|43902168|-16.616056|-43.938805|pt|Geotag|Sat Mar 26 13:14:14 +0000 2016|"Acho que sou a √∫nica pessoa que n√£o teve dengue ou zica ainda..."
713715840089264128|584310051|19.2464696|-99.1013498|es|User profile|Sat Mar 26 13:14:51 +0000 2016|"RT @Leonarda_G1: Paciente con #dengue hemorr√°gico solicita con #urgencia Atenolol de 100mg en San Antonio de los Altos. informaci√≥n 0414160‚Ä¶"
713716009098735617|109891102|40.463667|-3.74922|es|User profile|Sat Mar 26 13:15:31 +0000 2016|"RT @Leonarda_G1: Paciente con #dengue hemorr√°gico solicita con #urgencia Atenolol de 100mg en San Antonio de los Altos. informaci√≥n 0414160‚Ä¶"
713716012403789824|375441468|6.42375|-66.58973|es|User profile|Sat Mar 26 13:15:32 +0000 2016|"RT @Leonarda_G1: Paciente con #dengue hemorr√°gico solicita con #urgencia Atenolol de 100mg en San Antonio de los Altos. informaci√≥n 0414160‚Ä¶"
713716112911937536|222593175|-34.3643905|-55.2590707|pt|User profile|Sat Mar 26 13:15:56 +0000 2016|"dois tios meus e minha vizinha t√£o com dengue t√¥ toda cagada de ter"
713716322094485504|149464316|-38.416097|-63.616672|es|User profile|Sat Mar 26 13:16:46 +0000 2016|"RT @MatiasGiorgi: 'La Bestia' est√° equipada para soportar un ataque con armas qu√≠micas. Macho, ac√° tenemos Dengue, Zika y Kirchnerismo. #Ob‚Ä¶"
713716461643177984|2949209332|-22.9139476|-43.2093973|pt|User profile|Sat Mar 26 13:17:19 +0000 2016|"RT @Lets_81: talvez eu passe l√° na casa de Gabi, ela t√° com dengue tadinha"
713716535999741952|253529706|-19.918692|-43.9598225|pt|Geotag|Sat Mar 26 13:17:37 +0000 2016|"Quem pega dengue e conjuntivite ?!"
713716568530620416|1459210843|10.268881|123.9905755|tl|Geotag|Sat Mar 26 13:17:44 +0000 2016|"Ngno init kaau ako phone? Gi dengue man guro ni hahahaha"
713716588030074883|388238854|-23.442503|-58.443832|es|User profile|Sat Mar 26 13:17:49 +0000 2016|"'nuestro mosquito de dengue, tiene 2 ruedas (moto)' Dr Luis Carlos B√°ez, Emergencias M√©dicas @ABCCardinal"
713716621559406592|327823193|10.4805937|-66.9036063|es|User profile|Sat Mar 26 13:17:57 +0000 2016|"RT @Leonarda_G1: Paciente con #dengue hemorr√°gico solicita con #urgencia Atenolol de 100mg en San Antonio de los Altos. informaci√≥n 0414160‚Ä¶"
713716675351285760|1452289657|-2.2096412|-79.8906045|es|User profile|Sat Mar 26 13:18:10 +0000 2016|"RT @Leonarda_G1: Paciente con #dengue hemorr√°gico solicita con #urgencia Atenolol de 100mg en San Antonio de los Altos. informaci√≥n 0414160‚Ä¶"
713716744498634753|71579701|8.4886655|-71.2587345|es|Geotag|Sat Mar 26 13:18:26 +0000 2016|"Estoy consternado una angelita muy cercana a la familia dijo adi√≥s a este plano el Dengue y la falta de medicamentos la venci√≥. TQM Melanie"
713716824383340544|708102565565747204|-23.5505199|-46.6333094|pt|User profile|Sat Mar 26 13:18:45 +0000 2016|"dificil acordar gripada hj em dia qualquer coisa tu ja pensa q √© dengue zika chicugunha"
713716835888316416|3620531009|-38.416097|-63.616672|es|User profile|Sat Mar 26 13:18:48 +0000 2016|"RT @betterthanlwt: ‚ùÑ rt si, fav no ‚ùÑ\n\nTienen miedo que les pique el dengue ahre yo si estoy re cagado"
713716869954473984|146665496|32.5423808|-117.0254815|es|User profile|Sat Mar 26 13:18:56 +0000 2016|"@vaaalenrebo El dengue. (?)"
713717014871801856|2306822375|-20.7548659|-42.8785788|pt|User profile|Sat Mar 26 13:19:31 +0000 2016|"RT @1bebadoqualquer: T√¥ t√£o carente: que vou pegar a dengue."
713717029170229249|39655271|-23.763171|-45.9310409|pt|User profile|Sat Mar 26 13:19:34 +0000 2016|"@adrinapoubel hemograma pode ser bom e dar igg e igm pra dengue. Pq n√£o coletou j√°? Os hospitais liberam resultado em menos de 24 horas."
713717252193787904|712058742167216128|-23.5505199|-46.6333094|pt|User profile|Sat Mar 26 13:20:27 +0000 2016|"@coegioo peguei dengue ai, cuidado"
713717375259000832|388238854|-23.442503|-58.443832|es|User profile|Sat Mar 26 13:20:57 +0000 2016|"'se gasta mucho m√°s en accidentados en moto que en enfermos de dengue' Dr Luis Carlos B√°ez, Emergencias M√©dicas @ABCCardinal"
713717458113327104|72299838|-25.2520888|-52.0215415|pt|User profile|Sat Mar 26 13:21:16 +0000 2016|"RT @SBPProtege: Junte-se √† luta contra o zika e a dengue: 1-proteja sua casa com SBP, 2-use Repelex quando sair e 3-elimine √°gua parada. #1‚Ä¶"
713717613608771585|41102502|-25.2637399|-57.575926|es|User profile|Sat Mar 26 13:21:53 +0000 2016|"@daveRojito las que necesitan de un agente para transmitirlas, no se contagia directamente de persona a persona. Ej: dengue por mosquito"
713717778398769154|161369072|-25.5165725|-48.5229975|pt|User profile|Sat Mar 26 13:22:33 +0000 2016|"To achando que to com dengue."
713717861492113408|337928746|-23.442503|-58.443832|es|User profile|Sat Mar 26 13:22:53 +0000 2016|"RT @JavierSanchezPy: 'se gasta mucho m√°s en accidentados en moto que en enfermos de dengue' Dr Luis Carlos B√°ez, Emergencias M√©dicas @ABCCa‚Ä¶"
713717984527835136|387242725|-25.4952495|-49.2884605|pt|Geotag|Sat Mar 26 13:23:22 +0000 2016|"H1N1, zika, dengue e etc a solu√ß√£o disto √© higiene, ter a popula√ß√£o esgoto e etc! #Brasil"
713718067449212928|161348935|-23.442503|-58.443832|es|User profile|Sat Mar 26 13:23:42 +0000 2016|"RT @JavierSanchezPy: 'se gasta mucho m√°s en accidentados en moto que en enfermos de dengue' Dr Luis Carlos B√°ez, Emergencias M√©dicas @ABCCa‚Ä¶"
713718759840735232|184697970|-19.9166813|-43.9344931|pt|User profile|Sat Mar 26 13:26:27 +0000 2016|"@DanielaAF uma vez ou outra fica uns prato e x√≠cara esquecidos l√° mas n√£o passa disso. Conhe√ßo gente que se deixar d√° at√© dengue na pia"
713718825896833024|382256736|-25.5165725|-48.5229975|pt|User profile|Sat Mar 26 13:26:43 +0000 2016|"RT @Bastosnaat: Nunca passo repelente nenhum,nao sei como n√£o peguei dengue ainda"
713719035255504896|3242846385|-25.5165725|-48.5229975|pt|User profile|Sat Mar 26 13:27:32 +0000 2016|"RT @Bastosnaat: Nunca passo repelente nenhum,nao sei como n√£o peguei dengue ainda"
713719067379691520|3242846385|-25.5165725|-48.5229975|pt|User profile|Sat Mar 26 13:27:40 +0000 2016|"Fala em dengue"
713719116360773632|196343814|-38.416097|-63.616672|es|User profile|Sat Mar 26 13:27:52 +0000 2016|"MUY MAL @todonoticias s√°b 10:20\nNota brev√≠sima sobre premio a Andrea Gamarnik x investigaci√≥n dengue y al toque 20 minutos sobre selecci√≥n!!"
713719163739439104|550948436|18.220833|-66.590149|es|User profile|Sat Mar 26 13:28:03 +0000 2016|"SEAMOS REALISTAS: EL DENGUE, EL ZICA Y EL CHINKUNGUNYA NO SON PEORES MALES QUE EL BECERROüêÇDE FORTALEZA Y SU PANDILLA DE VIVIDORES DE COLONIA"
713719238926671872|518674896|-22.5125181|-52.8694475|pt|User profile|Sat Mar 26 13:28:21 +0000 2016|"Chego em casa.. e vem os cara avisando que jaja v√£o passae veneno da dengue.."
713719464446017536|766055852|-34.7527955|-58.418856|es|Geotag|Sat Mar 26 13:29:15 +0000 2016|"hoy a la noche tengo una caminata en la reserva de lomas, dengue ya te siento"
713719467499528192|278232024|-27.0812841|-53.1700599|pt|User profile|Sat Mar 26 13:29:15 +0000 2016|"dengue √© uma coisa bem filha da puta mano namoral memo"
713719800409796608|1901301656|7.9137001|-72.1416132|und|User profile|Sat Mar 26 13:30:35 +0000 2016|"El virus zika es causado por la picadura del mosquito Aedes aegypti, mismo vector transmisor de Dengue y Chikungunya"
713719909746876416|2342269516|-19.9166813|-43.9344931|pt|User profile|Sat Mar 26 13:31:01 +0000 2016|"To achando que To com dengue, anem viu"
713720105214062593|195749512|6.42375|-66.58973|es|User profile|Sat Mar 26 13:31:48 +0000 2016|"RT @Leonarda_G1: Paciente con #dengue hemorr√°gico solicita con #urgencia Atenolol de 100mg en San Antonio de los Altos. informaci√≥n 0414160‚Ä¶"
713720221295644673|218488955|-23.442503|-58.443832|es|User profile|Sat Mar 26 13:32:15 +0000 2016|"RT @JavierSanchezPy: 'los accidentes de motos son mucho m√°s graves que el dengue' Dr Luis Carlos B√°ez, Emergencias M√©dicas @ABCCardinal"
713720237120733184|621274478|-34.5281205|-58.473816|es|User profile|Sat Mar 26 13:32:19 +0000 2016|"Con dengue y todo , hoy es looppppp"
713720245865865216|218488955|-23.442503|-58.443832|es|User profile|Sat Mar 26 13:32:21 +0000 2016|"RT @JavierSanchezPy: 'nuestro mosquito de dengue, tiene 2 ruedas (moto)' Dr Luis Carlos B√°ez, Emergencias M√©dicas @ABCCardinal"
713720254141169664|218488955|-23.442503|-58.443832|es|User profile|Sat Mar 26 13:32:23 +0000 2016|"RT @JavierSanchezPy: 'se gasta mucho m√°s en accidentados en moto que en enfermos de dengue' Dr Luis Carlos B√°ez, Emergencias M√©dicas @ABCCa‚Ä¶"
713720425637928960|3028156576|-38.416097|-63.616672|es|User profile|Sat Mar 26 13:33:04 +0000 2016|"RT @betterthanlwt: ‚ùÑ rt si, fav no ‚ùÑ\n\nTienen miedo que les pique el dengue ahre yo si estoy re cagado"
713720965763633152|281167693|-20.4438418|-44.7653198|pt|User profile|Sat Mar 26 13:35:13 +0000 2016|"Not√≠cia de √∫ltima hora.\nProvavelmente estou com dengue.\nLogo nesse dia sem lei, logo eu?!"
713720995350183936|206823418|-34.6036844|-58.3815591|es|User profile|Sat Mar 26 13:35:20 +0000 2016|"RT @betterthanlwt: ‚ùÑ rt si, fav no ‚ùÑ\n\nTienen miedo que les pique el dengue ahre yo si estoy re cagado"
713721446451777536|2732923928|-27.4257175|-59.0243784|es|User profile|Sat Mar 26 13:37:07 +0000 2016|"@aletoledoDBZ Me ataco el dengue! Jajajaja"
713721869623566339|321061521|-16.5045303|-68.1211637|pt|User profile|Sat Mar 26 13:38:48 +0000 2016|"Mosquitinho da dengue me picou, minhazarma agora vai"
713722015765630976|62256242|-19.9166813|-43.9344931|pt|User profile|Sat Mar 26 13:39:23 +0000 2016|"@portaluai @em_com Epidemia gigante de dengue em BH!!!"
713722120459665409|67904859|-15.7942287|-47.8821658|pt|User profile|Sat Mar 26 13:39:48 +0000 2016|"A gente acaba atraindo o que n√£o quer? Meu professor estava morrendo de medo de pegar zika ou dengue e acabou pegando dengue, coitado.Hehehe"
713722252248920064|1901301656|7.9137001|-72.1416132|es|User profile|Sat Mar 26 13:40:19 +0000 2016|"#Prevenci√≥nZika: El comportamiento del Zika es similar al del dengue y el chikungunya PratoFreddy @MPPSalud_Vzla"
713722409556291585|1271126610|-31.6622189|-60.7616339|es|User profile|Sat Mar 26 13:40:57 +0000 2016|"RT @MinitaHipster: Cada vez que me pica un mosquito me pongo re paranoica por si es el dengue"
713722451062947840|2458384550|26.5118218|-80.1570661|en|User profile|Sat Mar 26 13:41:07 +0000 2016|"@Ccsaryyy babe i suspect dengue..."
713722646832279552|129252189|8.5698244|-71.1804988|es|User profile|Sat Mar 26 13:41:53 +0000 2016|"Estoy consternado una angelita muy cercana a la familia dijo adi√≥s a este plano el Dengue y la falta de medicamentos la venci√≥. TQM Melanie"
713723154250788864|2393118914|-27.3245762|-61.2813451|es|User profile|Sat Mar 26 13:43:54 +0000 2016|"Detectan el primer Caso de Dengue Importado En charata Proveniente de la Ciudad De Buenos Aires .!"
713723449416544257|111170643|10.2011111|-67.8990269|es|User profile|Sat Mar 26 13:45:05 +0000 2016|"RT @Leonarda_G1: Paciente con #dengue hemorr√°gico solicita con #urgencia Atenolol de 100mg en San Antonio de los Altos. informaci√≥n 0414160‚Ä¶"
713723728908173313|1461073362|13.6217753|123.1948238|tl|User profile|Sat Mar 26 13:46:11 +0000 2016|"@ArevaloAndrei pa check up ka na baka dengue na yan"
713723874106474498|306971227|14.5826355|121.0134406|tl|User profile|Sat Mar 26 13:46:46 +0000 2016|"@angelica920 So saaad. Pasok ka na bes. Baka mag ka dengue ka pa. Taas mo nalang kamay mo sa loob ng bahay nyo."
713723961108996096|1426412354|-34.6036844|-58.3815591|es|User profile|Sat Mar 26 13:47:07 +0000 2016|"RT @Marcosmaestu: Hola nena sabias que tuve dengue y sobrevivi ( Õ°¬∞ Õú ñ Õ°¬∞) -&gt; yo levantando en bares cuando sea un soltero cuarent√≥n"
713724164268498944|131620275|-7.934422|-34.8687212|pt|User profile|Sat Mar 26 13:47:55 +0000 2016|"Minha m√£e ta de tira√ß√£o comigo? ''Quem ta cm dengue n pode ir pra balada'' Querida eu escalei uma cachoeira d 30m sem corda oq ce ta falando"
713724261442134016|104465762|-23.5505199|-46.6333094|pt|User profile|Sat Mar 26 13:48:18 +0000 2016|"@youre_crazy ah.. ele n√£o t√° bem, mas t√° melhor que ontem. dengue √© foda, n√£o tem cura. s√≥ d√° pra esperar"
713724339473002496|2213272778|30.136493|31.3298066|es|User profile|Sat Mar 26 13:48:37 +0000 2016|"RT @betterthanlwt: ‚ùÑ rt si, fav no ‚ùÑ\n\nTienen miedo que les pique el dengue ahre yo si estoy re cagado"
713724485103460353|377528964|-25.2637399|-57.575926|es|User profile|Sat Mar 26 13:49:12 +0000 2016|"Putos analisis,puto dengue"
713724752645529600|3050829972|-3.1190275|-60.0217314|pt|User profile|Sat Mar 26 13:50:16 +0000 2016|"@TkcGames1 @FireGames13 esqueceu dengue dilma pt e ovos da pasca"
713724761596116992|1900314836|-38.416097|-63.616672|es|User profile|Sat Mar 26 13:50:18 +0000 2016|"que les pica que estan todos de novios, el dengue se convirtio en cupido o que"
713724899903275010|3060364697|-23.442503|-58.443832|es|User profile|Sat Mar 26 13:50:51 +0000 2016|"Donde hay Dengue hemorr√°gico a bulto xdddddd\n*anota traje de bioseguridad en su lista de cosas que llevar√≠a.*"
713725358638571520|2869179521|-31.4200833|-64.1887761|es|User profile|Sat Mar 26 13:52:40 +0000 2016|"RT @MicaSuarez12: Cada vez que me pica un mosquito flasheo dengue"
713725774340218880|3397143449|52.3702157|4.8951679|pt|User profile|Sat Mar 26 13:54:19 +0000 2016|"Dengue filha da puta viu kkk"
713726059196334080|634944169|-18.512178|-44.5550308|pt|User profile|Sat Mar 26 13:55:27 +0000 2016|"@PQPedroks cuidado com a dengue migo"
713726219519393792|357881174|-15.5404411|-47.3374297|pt|User profile|Sat Mar 26 13:56:05 +0000 2016|"a mulher q faz minha unha viajou, a q faz minha sobrancelha t√° com dengue, a que arruma meu cabelo fez cirurgia"
713726403242541057|2424606280|-19.9166813|-43.9344931|pt|User profile|Sat Mar 26 13:56:49 +0000 2016|"Acho q minha m√£e ta com dengue"
713726515746308096|3402132064|-22.9114215|-43.441578|pt|Geotag|Sat Mar 26 13:57:16 +0000 2016|"Sera q eu to com dengue¬ø"
713726665264930816|708421391666782209|-24.1617068|-54.0981117|pt|User profile|Sat Mar 26 13:57:52 +0000 2016|"Daqui a pouco vai dar mosquitos da dengue aqui no meu Twitter de t√£o parado que ele est√°"
713726690086821889|3943906835|-21.7676522|-43.3664041|pt|User profile|Sat Mar 26 13:57:57 +0000 2016|"RT @ravilinhamaria: to solteira + pelo menos to pegando alguma coisa\ntipo a zika a dengue e tal"
713726732386304000|2457475627|-34.6036844|-58.3815591|es|User profile|Sat Mar 26 13:58:08 +0000 2016|"'Los m√©dicos deben usar las redes para hacer prevenci√≥n. Por ejemplo, en el dengue, hay que insistir sobre prevenci√≥n' @drcarlosrepetto"
713727134460690432|2276602255|-34.6036844|-58.3815591|es|User profile|Sat Mar 26 13:59:43 +0000 2016|"RT @GremialMedica: 'Los m√©dicos deben usar las redes para hacer prevenci√≥n. Por ejemplo, en el dengue, hay que insistir sobre prevenci√≥n' @‚Ä¶"
713727387712811008|4540089376|-0.3122566|-78.5418531|es|User profile|Sat Mar 26 14:00:44 +0000 2016|"RT @Leonarda_G1: Paciente con #dengue hemorr√°gico solicita con #urgencia Atenolol de 100mg en San Antonio de los Altos. informaci√≥n 0414160‚Ä¶"
713727557368225796|2182129310|-19.1834229|-40.3088626|pt|User profile|Sat Mar 26 14:01:24 +0000 2016|"@nathalia_Tonon VIADA EU T√î COM DENGUE, EU ACHO"
713727618437267456|2441839921|38.440429|-122.7140548|es|User profile|Sat Mar 26 14:01:39 +0000 2016|"RT @MicaSuarez12: Cada vez que me pica un mosquito flasheo dengue"
713727657805025280|163092444|40.463667|-3.74922|pt|User profile|Sat Mar 26 14:01:48 +0000 2016|"Sono pesado da porra, queria ser assim. A mulher da dengue me acordou loucamente aqui."
713727666810171392|713067728463085568|-19.9166813|-43.9344931|pt|User profile|Sat Mar 26 14:01:50 +0000 2016|"7 dias j√°! J√° deu n√© dengue, era pra ficar n√£o se amarrar a mim. üò≤üò∑"
713727666793410560|2871001944|-27.2575078|-55.5354048|in|User profile|Sat Mar 26 14:01:50 +0000 2016|"@Julioo_040  Dengue dengue :O"
713727688977068032|552938944|-19.9166813|-43.9344931|pt|User profile|Sat Mar 26 14:01:56 +0000 2016|"Acordei mto mal hj, tomara q n seja dengue"
713727717326340097|716708502|-25.2637399|-57.575926|es|User profile|Sat Mar 26 14:02:02 +0000 2016|"RT @MhiryGomez: Ni el dengue no labura hoy y ustedes si. Secos üëÄ"
713727856740851714|2182129310|-19.1834229|-40.3088626|pt|User profile|Sat Mar 26 14:02:36 +0000 2016|"@nathalia_Tonon EU N√ÉO POSSO PEGAR DENGUE üò≠üò≠üò≠üò≠üò≠ TENHO TRABALHO DA JUSSAN√É TER√áA FEIRA E VALE 15 PONTOS üò≠üò≠üò≠üò≠üò≠"
713727871366348800|2895887770|-32.522779|-55.765835|es|User profile|Sat Mar 26 14:02:39 +0000 2016|"RT @MicaSuarez12: Cada vez que me pica un mosquito flasheo dengue"
713728151675863040|1431429852|-34.6036844|-58.3815591|es|User profile|Sat Mar 26 14:03:46 +0000 2016|"RT @gabitwo_: uh todavia siguen publicando los chats con esa pelotita amarilla llena de dengue, nunca un chat con una persona de verdad no"
713728186278932484|283262416|-25.2637399|-57.575926|es|User profile|Sat Mar 26 14:03:54 +0000 2016|"RT @JavierSanchezPy: 'los accidentes de motos son mucho m√°s graves que el dengue' Dr Luis Carlos B√°ez, Emergencias M√©dicas @ABCCardinal"
713728212073844736|283262416|-25.2637399|-57.575926|es|User profile|Sat Mar 26 14:04:00 +0000 2016|"RT @JavierSanchezPy: 'nuestro mosquito de dengue, tiene 2 ruedas (moto)' Dr Luis Carlos B√°ez, Emergencias M√©dicas @ABCCardinal"
713728244458065920|283262416|-25.2637399|-57.575926|es|User profile|Sat Mar 26 14:04:08 +0000 2016|"RT @JavierSanchezPy: 'se gasta mucho m√°s en accidentados en moto que en enfermos de dengue' Dr Luis Carlos B√°ez, Emergencias M√©dicas @ABCCa‚Ä¶"
713728247343812609|271584922|37.8656539|-4.7787764|es|User profile|Sat Mar 26 14:04:09 +0000 2016|"RT @MhiryGomez: Ni el dengue no labura hoy y ustedes si. Secos üëÄ"
713728267430334464|69630960|-16.6868912|-49.2647943|pt|User profile|Sat Mar 26 14:04:14 +0000 2016|"RT @chicarolx: n√£o sei se t√¥ com dengue ou com dengo"
713728373143519233|4837104580|-34.6036844|-58.3815591|es|User profile|Sat Mar 26 14:04:39 +0000 2016|"@msalnacion me lo digeron un medico ojo que el dengue no es broma  mucha gente piensa no es nada y segun el medico es grave mi tio es medico"
713728577888395264|255332680|-34.6994171|-58.3926315|es|User profile|Sat Mar 26 14:05:28 +0000 2016|"Ya estoy mejor. Gracias a tod@s por los mensajes y llamados. No era Dengue!!! Gracias a Dios: me siento recuperada"
713728758532931584|2182129310|-19.1834229|-40.3088626|pt|User profile|Sat Mar 26 14:06:11 +0000 2016|"Meu god eu n√£o posso pegar dengue me ajuda"
713728793429598208|1419523484|43.2804038|24.8643109|pt|User profile|Sat Mar 26 14:06:19 +0000 2016|"Nunca quero pegar dengue na minha vida"
713728852023984128|2276602255|-34.6036844|-58.3815591|es|User profile|Sat Mar 26 14:06:33 +0000 2016|"RT @GremialMedica: 'Los m√©dicos deben usar las redes para hacer prevenci√≥n. Por ejemplo, en el dengue, hay que insistir sobre prevenci√≥n' @‚Ä¶"
713728855106785280|3794013616|-20.8483343|-49.394625|pt|User profile|Sat Mar 26 14:06:34 +0000 2016|"RT @SBPProtege: Combata o zika e a dengue. 1- Proteja sua casa com SBP, 2- Use Repelex quando sair, 3- Elimine √°gua parada. Junte-se √† luta‚Ä¶"
713728961306632192|266065300|4.210484|101.975766|en|User profile|Sat Mar 26 14:06:59 +0000 2016|"@KarlHummingbird im still recovering from dengue. Imissyou tho, take care!"
713728964838219776|1424182406|-35.6593239|-63.7577887|es|User profile|Sat Mar 26 14:07:00 +0000 2016|"Re dengue con los mg üòí"
713729189346742274|199414982|-23.9678823|-46.3288865|pt|User profile|Sat Mar 26 14:07:53 +0000 2016|"pior que parece que √© dengue e eu ja fico com medo"
713729277729054721|318658387|-25.2637399|-57.575926|es|User profile|Sat Mar 26 14:08:14 +0000 2016|"RT @JavierSanchezPy: 'se gasta mucho m√°s en accidentados en moto que en enfermos de dengue' Dr Luis Carlos B√°ez, Emergencias M√©dicas @ABCCa‚Ä¶"
713729365507510273|77234069|-34.6036844|-58.3815591|es|User profile|Sat Mar 26 14:08:35 +0000 2016|"@Kaia63 ah√≠ hay dengue !!!"
713729469182304256|2188620835|-34.4979812|-56.0389343|es|User profile|Sat Mar 26 14:09:00 +0000 2016|"RT @MicaSuarez12: Cada vez que me pica un mosquito flasheo dengue"
713729493626707968|3312117137|38.440429|-122.7140548|es|User profile|Sat Mar 26 14:09:06 +0000 2016|"RT @MicaSuarez12: Cada vez que me pica un mosquito flasheo dengue"
713729700909154305|2558038770|-31.4679335|-57.1013188|es|User profile|Sat Mar 26 14:09:55 +0000 2016|"RT @Horacio_Perezg: Tremendo basural en Paraguay al 2800, zona de riesgo por Dengue. Limpieza? Hay muchos ni√±os en la zona.Hasta cuando? ht‚Ä¶"
713729717199831041|1340784080|-16.6427825|-49.261299|pt|Geotag|Sat Mar 26 14:09:59 +0000 2016|"Aquela 44 hj deve t√° mais parada que √°gua de dengue mais melhor que fica parado sem ganha dinhero"
713729971592765445|1566304320|-12.6971776|-38.3331983|pt|User profile|Sat Mar 26 14:11:00 +0000 2016|"E eu aqui com dengue, largada na cama üòí"
713730251847761920|1429442388|-31.3913921|-58.017434|es|User profile|Sat Mar 26 14:12:07 +0000 2016|"Es emocionante que me levanten porque van a fumigar mi casa por un caso de dengue en el barrio. Dos horas afuera üò§üò§üò§"
713730352964050948|122132227|-34.9363185|-58.0130215|es|Geotag|Sat Mar 26 14:12:31 +0000 2016|"El upside si tengo dengue es que voy a salir en el diario. Lo malo es que voy a agonizar hasta morir."
713730441929441281|3398785576|-34.5291043|-56.2873482|es|User profile|Sat Mar 26 14:12:52 +0000 2016|"RT @MicaSuarez12: Cada vez que me pica un mosquito flasheo dengue"
713730551023271936|165586095|-32.522779|-55.765835|es|User profile|Sat Mar 26 14:13:18 +0000 2016|"@larepublica_uy# mi hijo fue a Per√∫ y est√° internado con un Dengue uruguayo Muy Muy fuerte ya q no era la primera vez.Hace rato hay DengueU!"
713730613023543297|2233606449|-25.5165725|-48.5229975|pt|User profile|Sat Mar 26 14:13:33 +0000 2016|"RT @Bastosnaat: Nunca passo repelente nenhum,nao sei como n√£o peguei dengue ainda"
713730811397292032|4260577781|-34.6036844|-58.3815591|es|User profile|Sat Mar 26 14:14:20 +0000 2016|"todos me dicen que me pico el dengue espero que no"
713731238142603264|974312869|-23.7699594|-46.7004984|pt|User profile|Sat Mar 26 14:16:02 +0000 2016|"RT @_thomasjoga10: Meu wpp t√° mais parado que tudo , se fosse √°gua j√° tinha dado at√© dengue üòêüò™üëé"
713731478195191808|3009178727|-34.6036844|-58.3815591|es|User profile|Sat Mar 26 14:16:59 +0000 2016|"RT @GremialMedica: 'Los m√©dicos deben usar las redes para hacer prevenci√≥n. Por ejemplo, en el dengue, hay que insistir sobre prevenci√≥n' @‚Ä¶"
713731741337403392|59779529|-21.5560669|-45.4368543|pt|User profile|Sat Mar 26 14:18:02 +0000 2016|"@KrystianeSPM eu t√¥ com suspeita de dengue #humpf vou fazer exame segunda pra ver."
713732526276276224|67400668|-23.9678823|-46.3288865|pt|User profile|Sat Mar 26 14:21:09 +0000 2016|"RT @MDSComunicacao: Hoje √© s√°bado, dia de faxina! Juntos podemos combater o mosquito da Dengue, n√£o deixe nenhum foco de √°gua parada. #Zika‚Ä¶"
713732573210476545|1270661352|19.0759837|72.8776559|en|User profile|Sat Mar 26 14:21:20 +0000 2016|"RT @Healthonics: #Denguevaccine approved for use in Mexico. Awaiting regulatory confirmations in India. Lets prevent #Dengue by using prope‚Ä¶"
713732694526582785|183706711|-34.6036844|-58.3815591|es|User profile|Sat Mar 26 14:21:49 +0000 2016|"Cuando pasan un informe sobre el Dengue y esas cosas, es NECESARIO que muestren al mosquito picando? #DudaExistencial"
713732742203187201|542701887|-34.604315|-58.442643|es|Geotag|Sat Mar 26 14:22:00 +0000 2016|"@canal26noticias el ministerio de salud bajo la orden de no hacer m√°s la serologia por dengue, informen eso tmb.  Me paso a mi"
713732748364681216|706487387044651008|43.212545|-0.843547|pt|User profile|Sat Mar 26 14:22:02 +0000 2016|"@bangtanlittle uma vez eu peguei dengue e foi horr√≠vel mas voc√™ deve estar se sentindo muito pior. eu espero que voc√™ melhore e que fique +"
713733076074029058|1550668327|-7.790504|-35.08157|pt|User profile|Sat Mar 26 14:23:20 +0000 2016|"Minha m√£e de dengue, a coluna da Luna atacou... üòî"
713733140729212930|70304504|-34.6036844|-58.3815591|es|User profile|Sat Mar 26 14:23:35 +0000 2016|"Dorm√≠ como si me hubieran aporreado... Diosito aleja la Chikun y el dengue de mi! üôè"
713733426227109889|183706711|-34.6036844|-58.3815591|es|User profile|Sat Mar 26 14:24:43 +0000 2016|"Cuando pasan un informe de Dengue y esas cosas, es NECESARIO que muestren al mosquito picando y encima en HD? #DudaExistencial"
713733480459472896|600255283|-23.5015299|-47.4525603|pt|User profile|Sat Mar 26 14:24:56 +0000 2016|"Sepa estou com dengue"
713734644173250563|149177676|-34.6036844|-58.3815591|es|User profile|Sat Mar 26 14:29:34 +0000 2016|"RT @MoronMunicipio: SIN mosquito no hay #DENGUE Juntos podemos prevenir el Dengue, Chikungunya y Zika.\nTe dejamos estas recomendaciones htt‚Ä¶"
713734954245570560|1555413636|36.125278|-90.924721|es|User profile|Sat Mar 26 14:30:48 +0000 2016|"me tiene harto que digo que me duele la cabeza y me dicen que tengo dengue BUE ESTORNUDO Y TAMBI√âN ES DENGUE"
713735155307950081|706487387044651008|43.212545|-0.843547|pt|User profile|Sat Mar 26 14:31:36 +0000 2016|"@bangtanlittle ent√£o voc√™ ta de cama n√© ? ou vai ficar internada ? quando eu peguei dengue fiquei internada"
713735189755740162|192562221|-22.9068467|-43.1728965|pt|User profile|Sat Mar 26 14:31:44 +0000 2016|"@grilindo11 Vlww, Dengue!"
713735410992726017|3539041095|-15.7942287|-47.8821658|pt|User profile|Sat Mar 26 14:32:37 +0000 2016|"@aanandrads ai nem mosquito da dengue resolve kkkk"
713735423424638979|2444457066|-19.9166813|-43.9344931|pt|User profile|Sat Mar 26 14:32:40 +0000 2016|"2 semanas com a maldita dengue e s√≥ agora me recuperei"
713735947624570880|710975474772615168|-27.6387496|152.5928676|in|User profile|Sat Mar 26 14:34:45 +0000 2016|"dengue #Harmonizers #BestFanArmy #iHeartAwards"
713736043653107712|3539041095|-15.7942287|-47.8821658|pt|User profile|Sat Mar 26 14:35:08 +0000 2016|"@duqueti27 quando as inimigas de voc√™s chegarem pra bater em voc√™s falem assim 'sai de perto tenho um mosquito da dengue na bolsa'"
713736279578566656|285872898|41.0616098|-3.5064105|es|User profile|Sat Mar 26 14:36:04 +0000 2016|"RT @aggusferro_: que les pica que estan todos de novios, el dengue se convirtio en cupido o que"
713736496059125765|1475828652|-34.6994795|-58.3920795|es|User profile|Sat Mar 26 14:36:55 +0000 2016|"Para mi que me agarro el Dengue o algo asi, estoy arruinado"
713736593895460864|3119723410|-21.1704008|-47.8103238|pt|User profile|Sat Mar 26 14:37:19 +0000 2016|"AI QUE LINDO ESSES CARAI JOGANDO NEGOCIO CONTRA A DENGUE AQUI EM CASA NAO ME DEIXA NEM FICAR NO MEU QUARTO EM PAZ"
713736634441867264|1392392136|40.463667|-3.74922|es|User profile|Sat Mar 26 14:37:28 +0000 2016|"RT @betterthanlwt: ‚ùÑ rt si, fav no ‚ùÑ\n\nTienen miedo que les pique el dengue ahre yo si estoy re cagado"
713736691987693569|1017577152|47.4922251|-122.7639533|pt|User profile|Sat Mar 26 14:37:42 +0000 2016|"@onlyfalI sociologia sobre a dengue essas parada com os mosquito e tal"
713736773357146112|245541693|-34.6610756|-58.3669739|es|User profile|Sat Mar 26 14:38:02 +0000 2016|"Wax todo bien pero mal ahi que haya dengue"
713736831364235264|117347088|14.5995124|120.9842195|en|User profile|Sat Mar 26 14:38:15 +0000 2016|"Apparently Dengue Ig M is positive. üò©"
713737126031060992|211204015|-29.6873064|-53.8154769|pt|User profile|Sat Mar 26 14:39:26 +0000 2016|"Parece que t√¥ com dengue"
713737489437970432|409831880|29.4835264|-95.6113704|in|User profile|Sat Mar 26 14:40:52 +0000 2016|"@faywla_ ppum? ohhh dengue ke?"
713737796775763968|3395964765|55.0095761|80.9631588|pt|User profile|Sat Mar 26 14:42:06 +0000 2016|"A irm√£ g√™mea de Neguinha morreu de dengue hemorr√°gica üòû"
713738004326580224|1091686518|53.46166|-2.271707|in|User profile|Sat Mar 26 14:42:55 +0000 2016|"@ftiaaaa taklah. jangkitan cinta kerana ditinggalkan manusia. hahahahahaha haah dengue"
713738018746707969|422346672|-28.2866506|-53.4989324|pt|User profile|Sat Mar 26 14:42:58 +0000 2016|"Acordei muito mal, m√£e ligo pro nosso medico e ele quer fazer um monte de exame pq acha q pode se dengue üò∑üò∑üò∑"
713738047532048385|1091686518|53.46166|-2.271707|in|User profile|Sat Mar 26 14:43:05 +0000 2016|"RT @ftiaaaa: @faywla_ ppum? ohhh dengue ke?"
713738063755747328|299312268|-25.2637399|-57.575926|es|User profile|Sat Mar 26 14:43:09 +0000 2016|"RT @JavierSanchezPy: 'se gasta mucho m√°s en accidentados en moto que en enfermos de dengue' Dr Luis Carlos B√°ez, Emergencias M√©dicas @ABCCa‚Ä¶"
713738216445227008|162760128|-27.34147|-55.8706115|es|Geotag|Sat Mar 26 14:43:46 +0000 2016|"Dengue d√≠a 3. La fiebre ha pasado. Los dolores son no obstante muy molestosos"
713738460159287296|1000989860|-7.7955798|110.3694896|in|User profile|Sat Mar 26 14:44:44 +0000 2016|"Assalamualaikum Moms Dads,pernah merasa was2 ketika banyak nyamuk di rumah karena takut tertular virus dengue dan terkena DBD?#SabtuKreatif"
713738530535694336|207189950|10.4805937|-66.9036063|es|User profile|Sat Mar 26 14:45:00 +0000 2016|"RT @Leonarda_G1: Paciente con #dengue hemorr√°gico solicita con #urgencia Atenolol de 100mg en San Antonio de los Altos. informaci√≥n 0414160‚Ä¶"
713738960888078338|1650913902|-34.636595|-58.364641|es|User profile|Sat Mar 26 14:46:43 +0000 2016|"RT @betterthanlwt: ‚ùÑ rt si, fav no ‚ùÑ\n\nTienen miedo que les pique el dengue ahre yo si estoy re cagado"
713738979078717441|1898658589|-38.416097|-63.616672|es|User profile|Sat Mar 26 14:46:47 +0000 2016|"RT @MinitaHipster: Cada vez que me pica un mosquito me pongo re paranoica por si es el dengue"
713739009915228164|502171522|-1.4557549|-48.4901799|pt|User profile|Sat Mar 26 14:46:55 +0000 2016|"Ainda bem que dengue s√≥ d√° em √°gua parada pq se desse em whatsapp eu tava correndo risco."
713739144829083648|1954346394|-7.7955798|110.3694896|in|User profile|Sat Mar 26 14:47:27 +0000 2016|"Assalamualaikum Moms Dads,pernah merasa was2 ketika banyak nyamuk di rumah karena takut tertular virus dengue dan terkena DBD?#SabtuKreatif"
713739320490926080|2230246866|-31.6476686|-63.3444408|es|User profile|Sat Mar 26 14:48:09 +0000 2016|"RT @ahrloco: obama no probo el ni choripan ni el fernet ni el dengue cualquiera el mambo del chabon"
713739377940303872|2550727590|28.5383355|-81.3792365|es|User profile|Sat Mar 26 14:48:22 +0000 2016|"Ahora mi viejo con dengue hablame de suerte."
713739968821207040|1700438761|39.0804218|-94.4787733|pt|User profile|Sat Mar 26 14:50:43 +0000 2016|"@camEEstyles @srajaureguii kkkkkk bom, sei l√° viu.. Pode at√© ser, contanto que a gente n√£o morra e nem pegue uma dengue, zicka, Pedro kkk"
713740036190183425|104511589|-34.6036844|-58.3815591|es|User profile|Sat Mar 26 14:50:59 +0000 2016|"La cantidad de personas m√°s o menos cercanas que tuvieron Dengue, me asusta. Cu√≠dense de verdad. No se le est√° dando la difusi√≥n necesaria."
713740075021021184|2932293868|-20.2976178|-40.2957768|pt|User profile|Sat Mar 26 14:51:09 +0000 2016|"Mam√£e ta com dengue"
713740112086089728|2767924065|-8.1485835|-35.003737|pt|Geotag|Sat Mar 26 14:51:18 +0000 2016|"√â essa dengue n√£o vaza de mim n√£o √©"
713740258333106176|398136947|-34.6036844|-58.3815591|es|User profile|Sat Mar 26 14:51:52 +0000 2016|"Enloquec√≠ pero no a tal punto. Es un virus de FB q est√°n intentando exterminar! No etiquete a nadie. Amanec√≠ con el dengue versi√≥n fb"
713740331615789056|1456216656|20.593684|78.96288|en|User profile|Sat Mar 26 14:52:10 +0000 2016|"@shefalisulu ya protect urself ..there are worse attacks than dengue ,malaria or swine flu and its called senseless SNS attack :V"
713740479343493120|455154147|-7.70989|29.776951|es|User profile|Sat Mar 26 14:52:45 +0000 2016|"y obvio que nadie sabe que verga tengo xq me duele todo y mi vieja dice que tengo dengue"
713740739344265216|568671536|-34.6045669|-58.40145|es|User profile|Sat Mar 26 14:53:47 +0000 2016|"RT @AlejoIgoa: Creo que todos estamos congestionados, alto dengue tenemos todos üò™üòì"
713741107255967744|2195198784|40.2007986|-7.6394055|pt|User profile|Sat Mar 26 14:55:15 +0000 2016|"Fui pesquisar os sintomas da dengue e achei alguns semelhantes aos q estou sentindo. Mas vamos fingir q √© s√≥ uma rinitizinha"
713741114155659264|157025886|10.2011111|-67.8990269|es|User profile|Sat Mar 26 14:55:16 +0000 2016|"RT @Leonarda_G1: Paciente con #dengue hemorr√°gico solicita con #urgencia Atenolol de 100mg en San Antonio de los Altos. informaci√≥n 0414160‚Ä¶"
713742122990612480|309790056|-30.0346471|-51.2176584|es|User profile|Sat Mar 26 14:59:17 +0000 2016|"Dos afirmaciones err√≥neas que antes me causaban gracia y hoy ya me molestan:\n-me pic√≥ un Dengue\n-tengo colesterol\n\n#OldManYellsAtCloud"
713742158541561856|3307002233|-22.9114215|-43.441578|pt|Geotag|Sat Mar 26 14:59:25 +0000 2016|"@_RafinhaCalado tem que ir Rafael, vai que essa porra √© dengue?"
713742331283947520|2210818572|-32.522779|-55.765835|es|User profile|Sat Mar 26 15:00:07 +0000 2016|"Alto dengue tenemos todos, mas enfermos imposible üò∑"
713742399076433920|290548712|-22.9068467|-43.1728965|pt|User profile|Sat Mar 26 15:00:23 +0000 2016|"@isaa_magalhaess Eu sei, eu sei kkk. Dengue n√£o deve ser n√£o"
713742444274315264|331647300|-22.8858975|-43.1152211|pt|User profile|Sat Mar 26 15:00:34 +0000 2016|"Acho que t√¥ com Dengue!"
713742546090987520|264264341|-34.6036844|-58.3815591|es|User profile|Sat Mar 26 15:00:58 +0000 2016|"@DefensoriaCABA @guidostochyk @AleAmorDefensor @RadioDelPlata martes nos reunimos presentar relevamiento Dengue en villas @BarriosdePieCap"
713742728018964487|565758103|-34.443916|-58.647999|es|Geotag|Sat Mar 26 15:01:41 +0000 2016|"@ArielSujarchuk con el problema del dengue, es importante, arreglar el cavado y nivel de las zanjas,,e inspeccionar, muchas casas evacuando"
713742738848661504|17530503|38.0405837|-84.5037164|en|User profile|Sat Mar 26 15:01:44 +0000 2016|"@keithlaw Liked the Dengue article. Participated in vaccine trials for smallpox, cholera and currently avian flu. Cool/important process."
713743350566940676|342902144|-34.7611823|-58.4302476|es|User profile|Sat Mar 26 15:04:10 +0000 2016|"Prefer√≠a tener dengue a tener que cursar los s√°bados  ‚úã ah re."
713743358724689920|733678754|-14.235004|-51.92528|pt|User profile|Sat Mar 26 15:04:12 +0000 2016|"pleno fds eu pego dengue .."
713743578959360000|713133343324262401|-23.5505199|-46.6333094|pt|User profile|Sat Mar 26 15:05:04 +0000 2016|"Daqui a pouco vai da pra pegar dengue pela saliva ai ferrou tudo ."
713743832685395968|204487571|53.9915028|-1.5412015|in|User profile|Sat Mar 26 15:06:05 +0000 2016|"Dengue Henry #CelebrityAilments"
713743915627708417|2656856748|-20.2976178|-40.2957768|pt|User profile|Sat Mar 26 15:06:24 +0000 2016|"Ixi minha m√£e t√° com dengue"
713744012935610368|4585303289|-20.0852508|-59.4720904|pt|User profile|Sat Mar 26 15:06:48 +0000 2016|"RT @SBPProtege: Junte-se √† luta contra o zika e a dengue: 1-proteja sua casa com SBP, 2-use Repelex quando sair e 3-elimine √°gua parada. #1‚Ä¶"
713744071685193728|3028772669|-34.6036844|-58.3815591|es|User profile|Sat Mar 26 15:07:02 +0000 2016|"Tengo que estudiar un mont√≥n y estoy hecha pelota. Alto dengue me pico, ah."
713744258302402561|2833725424|-19.9166813|-43.9344931|pt|User profile|Sat Mar 26 15:07:46 +0000 2016|"Deve ser mosquito da dengue socorro"
713744259007062017|3002465301|-19.7896207|-42.1415419|pt|User profile|Sat Mar 26 15:07:46 +0000 2016|"@deehsouza17 eu to com dengue meu amor"
713744278481199104|1603485583|48.6901541|10.9208893|pt|User profile|Sat Mar 26 15:07:51 +0000 2016|"√© dengue\nchikungunya\nzika\nE AGORA GRIPE SUINA DE NOVO"
713744799724122112|701753819433140224|-38.416097|-63.616672|es|User profile|Sat Mar 26 15:09:55 +0000 2016|"RT @fernandogray: En el barrio La Victoria. Con trabajo permanente hemos logrado bajar la presencia del mosquito aedes aegypti #Dengue http‚Ä¶"
713744864651960322|1554525476|2.8235098|-60.6758331|pt|User profile|Sat Mar 26 15:10:11 +0000 2016|"RT @thiipravcs: Deixe √°gua parada acredite no seu potencial de matar o mosquito da dengue antes dele te picar"
713744988354514944|187050512|-25.2637399|-57.575926|es|User profile|Sat Mar 26 15:10:40 +0000 2016|"RT @MhiryGomez: Ni el dengue no labura hoy y ustedes si. Secos üëÄ"
713745010957492225|117918739|12.879721|121.774017|en|User profile|Sat Mar 26 15:10:46 +0000 2016|"So many mosquitoes here too. They'd make so much money if they sold off lotion and dengue vaccines at the counter."
713745142302314496|90758023|-19.7473668|-47.939154|pt|User profile|Sat Mar 26 15:11:17 +0000 2016|"Parece que to dando dengue parcelado, a cada 15 dias um sintoma da dengue vem."
713745241245921280|5370192|-22.7378463|-47.3335688|pt|User profile|Sat Mar 26 15:11:40 +0000 2016|"RT @demidomada: Achei que fosse ressaca, era dengue."
713745426839707648|169174245|13.6682174|100.614025|pt|User profile|Sat Mar 26 15:12:25 +0000 2016|"Geral com dengue aqui na minha rua to ficando com medo j√°"
713745573988458497|2495243730|-19.7896207|-42.1415419|pt|User profile|Sat Mar 26 15:13:00 +0000 2016|"Essa desgra√ßa dessa dengue"
713745740053487617|3002465301|-19.7896207|-42.1415419|pt|User profile|Sat Mar 26 15:13:39 +0000 2016|"RT @Dudarodrgs: Essa desgra√ßa dessa dengue"
713745966277517313|122132227|-34.9363185|-58.0130215|in|Geotag|Sat Mar 26 15:14:33 +0000 2016|"BREAKING: no tengo dengue"
713745978759770113|2530699682|-23.5505199|-46.6333094|pt|User profile|Sat Mar 26 15:14:36 +0000 2016|"RT @thiipravcs: Deixe √°gua parada acredite no seu potencial de matar o mosquito da dengue antes dele te picar"
713745980324188160|388581608|-23.9607656|-46.3960797|pt|User profile|Sat Mar 26 15:14:37 +0000 2016|"RT @thiipravcs: Deixe √°gua parada acredite no seu potencial de matar o mosquito da dengue antes dele te picar"
713746046866862080|156664682|-20.1451261|-44.8916447|pt|User profile|Sat Mar 26 15:14:52 +0000 2016|"Dengue chata do inferno"
713746065464360964|3013307099|-19.9166813|-43.9344931|es|User profile|Sat Mar 26 15:14:57 +0000 2016|"' a dengue informa '"
713746077493686272|142857284|40.4116381|-3.6602128|pt|User profile|Sat Mar 26 15:15:00 +0000 2016|"at√© ontem juliana tava com DENGUE, ai hoje eu falei 'tem duas fesrinhas em', ela melhorou rapidinho, milagre de Deus? talvez"
713746156384337921|81329753|-9.6498487|-35.7089492|pt|User profile|Sat Mar 26 15:15:19 +0000 2016|"RT @larissafeijo_lf: Crema√ß√£o elege o mosquito Aedes aegypti para malha√ß√£o de Judas: Mosquito transmissor da dengue, zika e chikung... http‚Ä¶"
713746212080521217|2745892635|-21.4261129|-45.9481612|pt|User profile|Sat Mar 26 15:15:32 +0000 2016|"RT @thiipravcs: Deixe √°gua parada acredite no seu potencial de matar o mosquito da dengue antes dele te picar"
713746294494380032|75963330|-21.2028539|-50.4536793|pt|User profile|Sat Mar 26 15:15:52 +0000 2016|"RT @demidomada: Achei que fosse ressaca, era dengue."
713746638767071237|2486856455|-23.5505199|-46.6333094|pt|User profile|Sat Mar 26 15:17:14 +0000 2016|"4 cavaleiros do apocalipse\n4 tipos de dengue \n4 tipos do de por que \nJ√° pode mudar o n√∫mero da besta de 6 para 4."
713746667745447936|14421336|-23.5505199|-46.6333094|pt|User profile|Sat Mar 26 15:17:21 +0000 2016|"Aedes aegypti transmite dengue, zika, chikungunya... S√≥ n√£o transmite meu amor por voc√™!"
713746702436405248|701439590|28.4594965|77.0266383|en|User profile|Sat Mar 26 15:17:29 +0000 2016|"RT @rahulkanwal: Dadri is imporant but @ArvindKejriwal should also tell us what he thinks of dengue patients being fleeced outside Delhi Go‚Ä¶"
713747027696476161|2908491575|-34.9079132|-54.8255149|es|User profile|Sat Mar 26 15:18:46 +0000 2016|"Ahora: #AndreaGamarnik, cient√≠fica premiada por sus investigaciones sobre #dengue, hablando en @elarconradio con @norabar. @RadioDelPlata"
713747088056709127|2486856455|-23.5505199|-46.6333094|pt|User profile|Sat Mar 26 15:19:01 +0000 2016|"4 cavaleiros do apocalipse\n4 tipos de dengue \n4 tipos de por que \nJ√° pode mudar o n√∫mero da besta de 6 para 4."
713747366625550338|419828440|55.1028668|67.0725632|pt|User profile|Sat Mar 26 15:20:07 +0000 2016|"RT @thiipravcs: Deixe √°gua parada acredite no seu potencial de matar o mosquito da dengue antes dele te picar"
713747486037450752|2401044101|-26.8947924|-48.6550692|pt|User profile|Sat Mar 26 15:20:36 +0000 2016|"RT @claudianoww: meu whatsapp ta mais parado¬†que √°gua de mosquito da dengue"
713747489162002432|234268687|1.352083|103.819836|en|User profile|Sat Mar 26 15:20:36 +0000 2016|"RT @Healthonics: #Denguevaccine approved for use in Mexico. Awaiting regulatory confirmations in India. Lets prevent #Dengue by using prope‚Ä¶"
713747501275299841|2292678102|-27.4269255|-55.9467076|in|User profile|Sat Mar 26 15:20:39 +0000 2016|"RT @fconil92: @Julioo_040  Dengue dengue :O"
713747881673359360|4611386953|10.261994|123.936174|tl|Geotag|Sat Mar 26 15:22:10 +0000 2016|"@JoannaLu6 @annikahhabdul hahaha sexy nalang kay dengue man ko huhuhu hahahahaha"
713747905862045696|130979339|-34.6036844|-58.3815591|es|User profile|Sat Mar 26 15:22:16 +0000 2016|"Hay q mejorar los diagn√≥sticos de dengue y zika, dice A Gamarnbik, El ARc√≥n, x @RadioDelPlata, AM1030, de 12 a 13, @elarconradio"
713748145591750656|16672021|-38.416097|-63.616672|es|User profile|Sat Mar 26 15:23:13 +0000 2016|"RT @norabar: Hay q mejorar los diagn√≥sticos de dengue y zika, dice A Gamarnbik, El ARc√≥n, x @RadioDelPlata, AM1030, de 12 a 13, @elarconrad‚Ä¶"
713748179938893825|320298717|40.463667|-3.74922|pt|User profile|Sat Mar 26 15:23:21 +0000 2016|"RT @thiipravcs: Deixe √°gua parada acredite no seu potencial de matar o mosquito da dengue antes dele te picar"
713748238562639872|143666955|-34.6036844|-58.3815591|es|User profile|Sat Mar 26 15:23:35 +0000 2016|"RT @norabar: Hay q mejorar los diagn√≥sticos de dengue y zika, dice A Gamarnbik, El ARc√≥n, x @RadioDelPlata, AM1030, de 12 a 13, @elarconrad‚Ä¶"
713748449427136512|16301459|-23.5505199|-46.6333094|pt|User profile|Sat Mar 26 15:24:25 +0000 2016|"RT @luisbutti: David Luiz, Filipe Luis e Thiago Silva s√£o o Dengue, o Zika e o Chikungunya dessa zaga. Gra√ßas a Deus, o terceiro j√° foi ext‚Ä¶"
713748508273217540|529191111|-19.9673078|-44.2011904|pt|User profile|Sat Mar 26 15:24:39 +0000 2016|"Acho que a dengue me pegou  !"
713748665391775747|185007995|-21.2915055|-50.3436312|ro|User profile|Sat Mar 26 15:25:17 +0000 2016|"agora al√©m de zika, dengue e chikungunya  o aedes aegipty tambem transmite impea chment"
713748872766603265|472122092|49.5479839|6.3733466|pt|User profile|Sat Mar 26 15:26:06 +0000 2016|"RT @brunoavgodoi: 4 cavaleiros do apocalipse\n4 tipos de dengue \n4 tipos de por que \nJ√° pode mudar o n√∫mero da besta de 6 para 4."
713749065884766208|2348124000|2.8038283|101.4950699|en|User profile|Sat Mar 26 15:26:52 +0000 2016|"23.3.2015 sri ku dengue fever I can't forget that day... &amp; 27 sridar accident ana date :'("
713749130162663424|3164943597|-29.1667089|-51.5169861|pt|User profile|Sat Mar 26 15:27:08 +0000 2016|"RT @SBPProtege: Junte-se √† luta contra o zika e a dengue: 1-proteja sua casa com SBP, 2-use Repelex quando sair e 3-elimine √°gua parada. #1‚Ä¶"
713749610527858688|2612151987|-34.6036844|-58.3815591|es|User profile|Sat Mar 26 15:29:02 +0000 2016|"RT @MicaSuarez12: Cada vez que me pica un mosquito flasheo dengue"
713749624184418304|753746239|19.4713181|-71.3395801|es|User profile|Sat Mar 26 15:29:05 +0000 2016|"Hospital de Trauma gasta m√°s en accidentados que en enfermos de dengue: El Dr. Luis Carlos B√°ez, Director M√©dico del Hospital de Trau..."
713749725154033664|3807877282|26.4279706|80.2962385|pt|User profile|Sat Mar 26 15:29:29 +0000 2016|"Acho q to c dengue galerinha legal n√©"
713749752630939648|185007995|-21.2915055|-50.3436312|und|User profile|Sat Mar 26 15:29:36 +0000 2016|"agora al√©m de zika, dengue e chikungunya o aedes aegypti tamb√©m transmite impeachment e odebrecht"
713750180198264832|2811849349|-20.4269837|-40.3280037|es|User profile|Sat Mar 26 15:31:18 +0000 2016|"@dudarautha_ dengue do sifu"
713750215908532225|339905133|-32.9442426|-60.6505388|es|User profile|Sat Mar 26 15:31:26 +0000 2016|"RT @norabar: Hay q mejorar los diagn√≥sticos de dengue y zika, dice A Gamarnbik, El ARc√≥n, x @RadioDelPlata, AM1030, de 12 a 13, @elarconrad‚Ä¶"
713750296158146562|621274478|-34.5281205|-58.473816|es|User profile|Sat Mar 26 15:31:46 +0000 2016|"@MiiliOrtiz9 si se me va el dengue , es hoy maaaaami"
713750667324731392|436763569|-18.512178|-44.5550308|pt|User profile|Sat Mar 26 15:33:14 +0000 2016|"Legalzao pegar dengue no feriado oh üëçüèª To amando"
713750828037902338|320346811|-23.5505199|-46.6333094|pt|User profile|Sat Mar 26 15:33:52 +0000 2016|"Conversa de p√°scoa da minha fam√≠lia:\n'J√° pensou se o coelho ta com dengue hemorr√°gica?'\n'Vai sair um Sensa√ß√£o'\n'Ou bombom de cereja'"
713750928009117697|3421316747|-16.6842776|-44.364854|pt|User profile|Sat Mar 26 15:34:16 +0000 2016|"@eita_ann4 sua loca vc sumiu, fui na sua casa quinta a noite faze um trabalho da dengue e CD vc????"
713751006396473344|216428980|-34.425087|-58.5796585|es|User profile|Sat Mar 26 15:34:35 +0000 2016|"Estaba afuera y me pico un mosquito, vine corriendo a ponerme off,como si el off me salvara de la picadura que ya tenia, dengue te 100toüò≠"
713751070682558464|58034149|-3.1190275|-60.0217314|pt|User profile|Sat Mar 26 15:34:50 +0000 2016|"RT @alexvillacuzao: aqui quem fala √© o dengoso...\nestou oficialmente com dengue"
713751290849968128|3807877282|26.4279706|80.2962385|es|User profile|Sat Mar 26 15:35:43 +0000 2016|"RT @sequelpd: @dudarautha_ dengue do sifu"
713751294629044224|293649433|-22.223561|-54.8125486|pt|User profile|Sat Mar 26 15:35:44 +0000 2016|"RT @luanacmelian: Conversa de p√°scoa da minha fam√≠lia:\n'J√° pensou se o coelho ta com dengue hemorr√°gica?'\n'Vai sair um Sensa√ß√£o'\n'Ou bombom‚Ä¶"
713752077948874752|236544136|-34.9204948|-57.9535657|es|User profile|Sat Mar 26 15:38:50 +0000 2016|"RT @1masentremuchos: @asanchezdeleon @dievalen HOY RECIB√ç LA FUMIGACI√ìN EN MI DOMICILIO(hijac/Dengue).MUCH√çSIMAS GRACIAS AL SR SANCHEZ DE L‚Ä¶"
713752692603092992|2717322190|-10.7988901|-66.9988011|es|User profile|Sat Mar 26 15:41:17 +0000 2016|"El lunes no tengo clase porque van a fumigar por el dengue"
713752829995925504|2426907952|-34.6019655|-58.7771644|es|User profile|Sat Mar 26 15:41:50 +0000 2016|"'capaz es el dengue blda eee' ese audio jajajajaajaja"
713753391084748800|365814498|-23.3044524|-51.1695824|pt|User profile|Sat Mar 26 15:44:03 +0000 2016|"@Amandapaiss minha mae ta com dengue sabia\nto passando repelente toda hora e veneno no ar tbm"
713753524249751552|180451837|-34.390839|-58.785095|es|Geotag|Sat Mar 26 15:44:35 +0000 2016|"Me va agarrar un dengue aca"
713753547150639105|2980120991|-22.9068467|-43.1728965|pt|User profile|Sat Mar 26 15:44:41 +0000 2016|"~√ó Dengue √© do Satan√°s.."
713753631481311232|2660917029|-20.811761|-49.3762272|pt|User profile|Sat Mar 26 15:45:01 +0000 2016|"26/03/16 12:36:31: Leidiane Bergo: Como se pega dengue, Est√©fany? 26/03/16 12:37:34: T√© Amorz√£o üíò: dando"
713753728256503809|100240012|-15.7942287|-47.8821658|pt|User profile|Sat Mar 26 15:45:24 +0000 2016|"RT @MtsGonzales: @caraivinini o meu eu nao sei, o seu se chame dengue"